1|Allegro|24.5.2024. 00:00:00|28.5.2024. 00:00:00|2
2|Harry's|20.5.2024. 00:00:00|29.5.2024. 00:00:00|5
3|Sheraton|20.5.2024. 00:00:00|31.7.2024. 00:00:00|5
4|Allegro|22.5.2024. 00:00:00|30.6.2024. 00:00:00|5
5|Allegro|23.5.2024. 00:00:00|5.7.2024. 00:00:00|10
6|Maria|22.5.2024. 00:00:00|9.6.2024. 00:00:00|3
7|Lena|21.5.2024. 00:00:00|26.5.2024. 00:00:00|10
8|Lena|16.5.2024. 00:00:00|31.5.2024. 00:00:00|4
9|Anamana|23.5.2024. 00:00:00|2.6.2024. 00:00:00|9
10|La vie|15.5.2024. 00:00:00|23.5.2024. 00:00:00|4
11|Sheraton|11.5.2024. 00:00:00|24.5.2024. 00:00:00|7
12|Silvia|11.5.2024. 00:00:00|31.5.2024. 00:00:00|10
13|Sheraton|11.5.2024. 00:00:00|30.5.2024. 00:00:00|5
14|Sheraton|24.5.2024. 00:00:00|8.6.2024. 00:00:00|5
15|BIlao|30.5.2024. 00:00:00|7.6.2024. 00:00:00|2
16|Maria|29.5.2024. 00:00:00|9.6.2024. 00:00:00|5
17|Sheraton|25.5.2024. 00:00:00|9.6.2024. 00:00:00|5
18|Sheraton|25.5.2024. 00:00:00|9.6.2024. 00:00:00|5
19|Sheraton|25.5.2024. 00:00:00|2.6.2024. 00:00:00|3
20|Sheraton|25.5.2024. 00:00:00|9.6.2024. 00:00:00|3
21|Sheraton|15.5.2024. 00:00:00|31.5.2024. 00:00:00|5
22|Sara|18.7.2024. 00:00:00|1.8.2024. 00:00:00|10
23|Maria|3.7.2024. 00:00:00|2.8.2024. 00:00:00|5
24|Sara|21.5.2024. 00:00:00|31.5.2024. 00:00:00|4
25|Hotel Moskva|29.5.2024. 00:00:00|9.6.2024. 00:00:00|2
26|Lena|23.5.2024. 00:00:00|2.6.2024. 00:00:00|4
27|Lena|23.5.2024. 00:00:00|2.6.2024. 00:00:00|3
28|La vie|29.5.2024. 00:00:00|1.6.2024. 00:00:00|3
29|La vie|22.5.2024. 00:00:00|26.5.2024. 00:00:00|2
30|Maria|2.7.2024. 00:00:00|15.6.2024. 00:00:00|3
31|Maria|15.5.2024. 00:00:00|24.5.2024. 00:00:00|2
32|La vie|23.5.2024. 00:00:00|9.6.2024. 00:00:00|4
33|Ana|31.5.2024. 00:00:00|9.6.2024. 00:00:00|3
34|Anamana|23.5.2024. 00:00:00|29.6.2024. 00:00:00|3
35|Maria|21.5.2024. 00:00:00|9.6.2024. 00:00:00|3
36|Maria|5.6.2024. 00:00:00|9.6.2024. 00:00:00|2
37|La vie|18.5.2024. 00:00:00|29.5.2024. 00:00:00|5
38|Lena|22.5.2024. 00:00:00|7.6.2024. 00:00:00|4
39|Toma|1.6.2024. 00:00:00|30.6.2024. 00:00:00|10
40|Maria|23.5.2024. 00:00:00|15.5.2024. 00:00:00|5
41|Maria|1.5.2024. 00:00:00|7.5.2024. 00:00:00|5
42|Maria|8.5.2024. 00:00:00|13.5.2024. 00:00:00|2
43|Maria|13.5.2024. 00:00:00|23.5.2024. 00:00:00|5
44|Sheraton|25.5.2024. 00:00:00|30.5.2024. 00:00:00|2
45|Sheraton|22.5.2024. 00:00:00|29.5.2024. 00:00:00|2
46|Sheraton|13.5.2024. 00:00:00|31.5.2024. 00:00:00|3
47|Sheraton|25.5.2024. 00:00:00|30.5.2024. 00:00:00|2
48|Allegro|27.5.2024. 00:00:00|2.6.2024. 00:00:00|2
49|Sheraton|25.5.2024. 00:00:00|30.5.2024. 00:00:00|2
50|Sheraton|24.5.2024. 00:00:00|8.6.2024. 00:00:00|5
51|Sheraton|25.5.2024. 00:00:00|30.5.2024. 00:00:00|2
52|Lena|22.5.2024. 00:00:00|31.5.2024. 00:00:00|4
53|Lena|1.1.0001. 00:00:00|1.1.0001. 00:00:00|0
54|Allegro|1.1.0001. 00:00:00|1.1.0001. 00:00:00|0
55|Harry's|16.5.2024. 00:00:00|23.5.2024. 00:00:00|2
56|Sheraton|14.5.2024. 00:00:00|17.5.2024. 00:00:00|0
57|Maria|23.5.2024. 00:00:00|31.5.2024. 00:00:00|2
58|Sheraton|15.5.2024. 00:00:00|30.5.2024. 00:00:00|2
59|Sheraton|25.5.2024. 00:00:00|30.5.2024. 00:00:00|3
60|Sheraton|14.5.2024. 00:00:00|30.5.2024. 00:00:00|5
61|Sheraton|20.5.2024. 00:00:00|2.6.2024. 00:00:00|4
62|Sheraton|20.5.2024. 00:00:00|2.6.2024. 00:00:00|4
63|Sheraton|20.5.2024. 00:00:00|2.6.2024. 00:00:00|4
64|Sheraton|20.5.2024. 00:00:00|9.6.2024. 00:00:00|3
65|Sheraton|20.5.2024. 00:00:00|6.6.2024. 00:00:00|3
66|Sheraton|20.5.2024. 00:00:00|6.6.2024. 00:00:00|3
67|Sheraton|15.5.2024. 00:00:00|31.5.2024. 00:00:00|5
68|Sheraton|15.5.2024. 00:00:00|31.5.2024. 00:00:00|5
